Link,UPVOTES,DOWNVOTES,DIFFICULTY
https://leetcode.com/problems/two-sum,12918,461,
https://leetcode.com/problems/add-two-numbers,6665,1729,
https://leetcode.com/problems/longest-substring-without-repeating-characters,7252,427,
https://leetcode.com/problems/median-of-two-sorted-arrays,5604,836,
https://leetcode.com/problems/longest-palindromic-substring,5031,443,
https://leetcode.com/problems/zigzag-conversion,1313,3920,
https://leetcode.com/problems/reverse-integer,2713,4221,
https://leetcode.com/problems/string-to-integer-atoi,1228,7501,
https://leetcode.com/problems/palindrome-number,1802,1446,
https://leetcode.com/problems/regular-expression-matching,3385,620,
https://leetcode.com/problems/container-with-most-water,4493,496,
https://leetcode.com/problems/integer-to-roman,784,2287,
https://leetcode.com/problems/roman-to-integer,1650,3086,
https://leetcode.com/problems/longest-common-prefix,1853,1589,
https://leetcode.com/problems/3sum,5154,627,
https://leetcode.com/problems/3sum-closest,1518,112,
https://leetcode.com/problems/letter-combinations-of-a-phone-number,2906,352,
https://leetcode.com/problems/4sum,1420,274,
https://leetcode.com/problems/remove-nth-node-from-end-of-list,2425,180,
https://leetcode.com/problems/valid-parentheses,3809,190,
https://leetcode.com/problems/merge-two-sorted-lists,3088,453,
https://leetcode.com/problems/generate-parentheses,3758,215,
https://leetcode.com/problems/merge-k-sorted-lists,3410,222,
https://leetcode.com/problems/swap-nodes-in-pairs,1633,141,
https://leetcode.com/problems/reverse-nodes-in-k-group,1589,312,
https://leetcode.com/problems/remove-duplicates-from-sorted-array,1927,4154,
https://leetcode.com/problems/remove-element,1069,2236,
https://leetcode.com/problems/implement-strstr,1184,1606,
https://leetcode.com/problems/divide-two-integers,879,4225,
https://leetcode.com/problems/substring-with-concatenation-of-all-words,687,1075,
https://leetcode.com/problems/next-permutation,2496,846,
https://leetcode.com/problems/longest-valid-parentheses,2590,113,
https://leetcode.com/problems/search-in-rotated-sorted-array,3425,387,
https://leetcode.com/problems/find-first-and-last-position-of-element-in-sorted-array,2335,110,
https://leetcode.com/problems/search-insert-position,1710,212,
https://leetcode.com/problems/valid-sudoku,1180,391,
https://leetcode.com/problems/sudoku-solver,1265,80,
https://leetcode.com/problems/count-and-say,994,7873,
https://leetcode.com/problems/combination-sum,2777,86,
https://leetcode.com/problems/combination-sum-ii,1247,52,
https://leetcode.com/problems/first-missing-positive,2412,686,
https://leetcode.com/problems/trapping-rain-water,5188,97,
https://leetcode.com/problems/multiply-strings,1349,629,
https://leetcode.com/problems/wildcard-matching,1476,84,
https://leetcode.com/problems/jump-game-ii,1726,95,
https://leetcode.com/problems/permutations,2811,90,
https://leetcode.com/problems/permutations-ii,1451,51,
https://leetcode.com/problems/rotate-image,2191,185,
https://leetcode.com/problems/group-anagrams,2345,138,
https://leetcode.com/problems/powx-n,1082,2537,
https://leetcode.com/problems/n-queens,1329,60,
https://leetcode.com/problems/n-queens-ii,370,131,
https://leetcode.com/problems/maximum-subarray,5830,243,
https://leetcode.com/problems/spiral-matrix,1611,474,
https://leetcode.com/problems/jump-game,2762,255,
https://leetcode.com/problems/merge-intervals,2978,231,
https://leetcode.com/problems/insert-interval,1166,140,
https://leetcode.com/problems/length-of-last-word,487,2023,
https://leetcode.com/problems/spiral-matrix-ii,695,95,
https://leetcode.com/problems/permutation-sequence,1104,279,
https://leetcode.com/problems/rotate-list,823,925,
https://leetcode.com/problems/unique-paths,2208,161,
https://leetcode.com/problems/unique-paths-ii,1183,192,
https://leetcode.com/problems/minimum-path-sum,1892,46,
https://leetcode.com/problems/valid-number,566,4014,
https://leetcode.com/problems/plus-one,1128,1919,
https://leetcode.com/problems/add-binary,1302,237,
https://leetcode.com/problems/text-justification,481,1279,
https://leetcode.com/problems/sqrtx,986,1625,
https://leetcode.com/problems/climbing-stairs,3067,103,
https://leetcode.com/problems/simplify-path,571,1468,
https://leetcode.com/problems/edit-distance,2801,44,
https://leetcode.com/problems/set-matrix-zeroes,1464,246,
https://leetcode.com/problems/search-a-2d-matrix,1198,136,
https://leetcode.com/problems/sort-colors,2268,183,
https://leetcode.com/problems/minimum-window-substring,3236,239,
https://leetcode.com/problems/combinations,1081,59,
https://leetcode.com/problems/subsets,2686,63,
https://leetcode.com/problems/word-search,2562,134,
https://leetcode.com/problems/remove-duplicates-from-sorted-array-ii,843,621,
https://leetcode.com/problems/search-in-rotated-sorted-array-ii,911,388,
https://leetcode.com/problems/remove-duplicates-from-sorted-list-ii,1183,96,
https://leetcode.com/problems/remove-duplicates-from-sorted-list,1039,89,
https://leetcode.com/problems/largest-rectangle-in-histogram,2619,65,
https://leetcode.com/problems/maximal-rectangle,1972,55,
https://leetcode.com/problems/partition-list,921,245,
https://leetcode.com/problems/scramble-string,377,600,
https://leetcode.com/problems/merge-sorted-array,1521,3365,
https://leetcode.com/problems/gray-code,505,1374,
https://leetcode.com/problems/subsets-ii,1241,56,
https://leetcode.com/problems/decode-ways,1940,2181,
https://leetcode.com/problems/reverse-linked-list-ii,1690,112,
https://leetcode.com/problems/restore-ip-addresses,895,386,
https://leetcode.com/problems/binary-tree-inorder-traversal,2270,96,
https://leetcode.com/problems/unique-binary-search-trees-ii,1653,134,
https://leetcode.com/problems/unique-binary-search-trees,2381,90,
https://leetcode.com/problems/interleaving-string,1038,65,
https://leetcode.com/problems/validate-binary-search-tree,2800,408,
https://leetcode.com/problems/recover-binary-search-tree,1094,57,
https://leetcode.com/problems/same-tree,1529,48,
https://leetcode.com/problems/symmetric-tree,3015,71,
https://leetcode.com/problems/binary-tree-level-order-traversal,2070,56,
https://leetcode.com/problems/binary-tree-zigzag-level-order-traversal,1417,81,
https://leetcode.com/problems/maximum-depth-of-binary-tree,1797,62,
https://leetcode.com/problems/construct-binary-tree-from-preorder-and-inorder-traversal,2374,63,
https://leetcode.com/problems/construct-binary-tree-from-inorder-and-postorder-traversal,1168,25,
https://leetcode.com/problems/binary-tree-level-order-traversal-ii,948,178,
https://leetcode.com/problems/convert-sorted-array-to-binary-search-tree,1654,164,
https://leetcode.com/problems/convert-sorted-list-to-binary-search-tree,1436,78,
https://leetcode.com/problems/balanced-binary-tree,1645,143,
https://leetcode.com/problems/minimum-depth-of-binary-tree,958,545,
https://leetcode.com/problems/path-sum,1310,402,
https://leetcode.com/problems/path-sum-ii,1244,42,
https://leetcode.com/problems/flatten-binary-tree-to-linked-list,2011,260,
https://leetcode.com/problems/distinct-subsequences,893,46,
https://leetcode.com/problems/populating-next-right-pointers-in-each-node,1384,130,
https://leetcode.com/problems/populating-next-right-pointers-in-each-node-ii,1181,165,
https://leetcode.com/problems/pascals-triangle,975,85,
https://leetcode.com/problems/pascals-triangle-ii,598,183,
https://leetcode.com/problems/triangle,1477,174,
https://leetcode.com/problems/best-time-to-buy-and-sell-stock,3608,163,
https://leetcode.com/problems/best-time-to-buy-and-sell-stock-ii,1469,1491,
https://leetcode.com/problems/best-time-to-buy-and-sell-stock-iii,1535,61,
https://leetcode.com/problems/binary-tree-maximum-path-sum,2362,186,
https://leetcode.com/problems/valid-palindrome,809,2318,
https://leetcode.com/problems/word-ladder-ii,1359,220,
https://leetcode.com/problems/word-ladder,2172,958,
https://leetcode.com/problems/longest-consecutive-sequence,2447,140,
https://leetcode.com/problems/sum-root-to-leaf-numbers,919,29,
https://leetcode.com/problems/surrounded-regions,1070,521,
https://leetcode.com/problems/palindrome-partitioning,1296,51,
https://leetcode.com/problems/palindrome-partitioning-ii,795,27,
https://leetcode.com/problems/clone-graph,1168,1142,
https://leetcode.com/problems/gas-station,1091,334,
https://leetcode.com/problems/candy,674,137,
https://leetcode.com/problems/single-number,3219,125,
https://leetcode.com/problems/single-number-ii,1115,293,
https://leetcode.com/problems/copy-list-with-random-pointer,2273,555,
https://leetcode.com/problems/word-break,3132,169,
https://leetcode.com/problems/word-break-ii,1352,302,
https://leetcode.com/problems/linked-list-cycle,2088,307,
https://leetcode.com/problems/linked-list-cycle-ii,1959,157,
https://leetcode.com/problems/reorder-list,1275,93,
https://leetcode.com/problems/binary-tree-preorder-traversal,1074,46,
https://leetcode.com/problems/binary-tree-postorder-traversal,1268,66,
https://leetcode.com/problems/lru-cache,4198,178,
https://leetcode.com/problems/insertion-sort-list,450,500,
https://leetcode.com/problems/sort-list,1986,102,
https://leetcode.com/problems/max-points-on-a-line,650,1631,
https://leetcode.com/problems/evaluate-reverse-polish-notation,729,410,
https://leetcode.com/problems/reverse-words-in-a-string,750,2557,
https://leetcode.com/problems/maximum-product-subarray,2917,126,
https://leetcode.com/problems/find-minimum-in-rotated-sorted-array,1438,192,
https://leetcode.com/problems/find-minimum-in-rotated-sorted-array-ii,619,174,
https://leetcode.com/problems/min-stack,2419,253,
https://leetcode.com/problems/intersection-of-two-linked-lists,2718,283,
https://leetcode.com/problems/find-peak-element,1174,1662,
https://leetcode.com/problems/maximum-gap,641,157,
https://leetcode.com/problems/compare-version-numbers,376,1273,
https://leetcode.com/problems/fraction-to-recurring-decimal,629,1364,
https://leetcode.com/problems/two-sum-ii-input-array-is-sorted,1218,493,
https://leetcode.com/problems/excel-sheet-column-title,912,192,
https://leetcode.com/problems/majority-element,2267,192,
https://leetcode.com/problems/excel-sheet-column-number,709,131,
https://leetcode.com/problems/factorial-trailing-zeroes,613,867,
https://leetcode.com/problems/binary-search-tree-iterator,1865,257,
https://leetcode.com/problems/dungeon-game,927,24,
https://leetcode.com/problems/combine-two-tables,752,114,
https://leetcode.com/problems/second-highest-salary,620,340,
https://leetcode.com/problems/nth-highest-salary,320,273,
https://leetcode.com/problems/rank-scores,604,95,
https://leetcode.com/problems/largest-number,1367,170,
https://leetcode.com/problems/consecutive-numbers,314,81,
https://leetcode.com/problems/employees-earning-more-than-their-managers,456,53,
https://leetcode.com/problems/duplicate-emails,348,23,
https://leetcode.com/problems/customers-who-never-order,294,38,
https://leetcode.com/problems/department-highest-salary,365,90,
https://leetcode.com/problems/department-top-three-salaries,448,92,
https://leetcode.com/problems/repeated-dna-sequences,565,225,
https://leetcode.com/problems/best-time-to-buy-and-sell-stock-iv,1045,64,
https://leetcode.com/problems/rotate-array,1940,708,
https://leetcode.com/problems/reverse-bits,734,265,
https://leetcode.com/problems/number-of-1-bits,580,452,
https://leetcode.com/problems/word-frequency,174,99,
https://leetcode.com/problems/valid-phone-numbers,125,312,
https://leetcode.com/problems/transpose-file,54,159,
https://leetcode.com/problems/tenth-line,141,140,
https://leetcode.com/problems/delete-duplicate-emails,343,453,
https://leetcode.com/problems/rising-temperature,307,141,
https://leetcode.com/problems/house-robber,3462,114,
https://leetcode.com/problems/binary-tree-right-side-view,1514,78,
https://leetcode.com/problems/number-of-islands,3733,136,
https://leetcode.com/problems/bitwise-and-of-numbers-range,542,74,
https://leetcode.com/problems/happy-number,1255,309,
https://leetcode.com/problems/remove-linked-list-elements,1106,61,
https://leetcode.com/problems/count-primes,1462,489,
https://leetcode.com/problems/isomorphic-strings,1022,290,
https://leetcode.com/problems/reverse-linked-list,3251,78,
https://leetcode.com/problems/course-schedule,2577,132,
https://leetcode.com/problems/implement-trie-prefix-tree,2159,38,
https://leetcode.com/problems/minimum-size-subarray-sum,1561,87,
https://leetcode.com/problems/course-schedule-ii,1424,98,
https://leetcode.com/problems/add-and-search-word-data-structure-design,1181,65,
https://leetcode.com/problems/word-search-ii,1649,87,
https://leetcode.com/problems/house-robber-ii,1214,40,
https://leetcode.com/problems/shortest-palindrome,851,98,
https://leetcode.com/problems/kth-largest-element-in-an-array,2719,205,
https://leetcode.com/problems/combination-sum-iii,798,44,
https://leetcode.com/problems/contains-duplicate,561,613,
https://leetcode.com/problems/the-skyline-problem,1573,80,
https://leetcode.com/problems/contains-duplicate-ii,640,790,
https://leetcode.com/problems/contains-duplicate-iii,849,861,
https://leetcode.com/problems/maximal-square,1925,48,
https://leetcode.com/problems/count-complete-tree-nodes,1454,163,
https://leetcode.com/problems/rectangle-area,312,593,
https://leetcode.com/problems/basic-calculator,1059,111,
https://leetcode.com/problems/implement-stack-using-queues,451,493,
https://leetcode.com/problems/invert-binary-tree,2325,39,
https://leetcode.com/problems/basic-calculator-ii,999,176,
https://leetcode.com/problems/summary-ranges,479,458,
https://leetcode.com/problems/majority-element-ii,1150,133,
https://leetcode.com/problems/kth-smallest-element-in-a-bst,1617,52,
https://leetcode.com/problems/power-of-two,566,150,
https://leetcode.com/problems/implement-queue-using-stacks,755,126,
https://leetcode.com/problems/number-of-digit-one,216,523,
https://leetcode.com/problems/palindrome-linked-list,2216,306,
https://leetcode.com/problems/lowest-common-ancestor-of-a-binary-search-tree,1477,93,
https://leetcode.com/problems/lowest-common-ancestor-of-a-binary-tree,2685,152,
https://leetcode.com/problems/delete-node-in-a-linked-list,1022,4988,
https://leetcode.com/problems/product-of-array-except-self,3265,278,
https://leetcode.com/problems/sliding-window-maximum,2387,141,
https://leetcode.com/problems/search-a-2d-matrix-ii,2205,66,
https://leetcode.com/problems/different-ways-to-add-parentheses,1258,64,
https://leetcode.com/problems/valid-anagram,1024,126,
https://leetcode.com/problems/binary-tree-paths,1182,82,
https://leetcode.com/problems/add-digits,568,902,
https://leetcode.com/problems/single-number-iii,1090,86,
https://leetcode.com/problems/trips-and-users,280,200,
https://leetcode.com/problems/ugly-number,315,522,
https://leetcode.com/problems/ugly-number-ii,1251,77,
https://leetcode.com/problems/missing-number,1254,1654,
https://leetcode.com/problems/integer-to-english-words,717,2037,
https://leetcode.com/problems/h-index,487,820,
https://leetcode.com/problems/h-index-ii,260,437,
https://leetcode.com/problems/first-bad-version,881,508,
https://leetcode.com/problems/perfect-squares,1964,161,
https://leetcode.com/problems/expression-add-operators,914,135,
https://leetcode.com/problems/move-zeroes,2699,96,
https://leetcode.com/problems/peeking-iterator,360,243,
https://leetcode.com/problems/find-the-duplicate-number,3251,394,
https://leetcode.com/problems/game-of-life,1299,232,
https://leetcode.com/problems/word-pattern,843,116,
https://leetcode.com/problems/nim-game,456,1332,
https://leetcode.com/problems/find-median-from-data-stream,1724,34,
https://leetcode.com/problems/serialize-and-deserialize-binary-tree,2234,114,
https://leetcode.com/problems/bulls-and-cows,464,528,
https://leetcode.com/problems/longest-increasing-subsequence,3405,77,
https://leetcode.com/problems/remove-invalid-parentheses,1946,81,
https://leetcode.com/problems/range-sum-query-immutable,630,901,
https://leetcode.com/problems/range-sum-query-2d-immutable,659,152,
https://leetcode.com/problems/additive-number,271,346,
https://leetcode.com/problems/range-sum-query-mutable,948,70,
https://leetcode.com/problems/best-time-to-buy-and-sell-stock-with-cooldown,1759,67,
https://leetcode.com/problems/minimum-height-trees,1346,81,
https://leetcode.com/problems/burst-balloons,1815,52,
https://leetcode.com/problems/super-ugly-number,476,123,
https://leetcode.com/problems/count-of-smaller-numbers-after-self,1624,65,
https://leetcode.com/problems/remove-duplicate-letters,986,92,
https://leetcode.com/problems/maximum-product-of-word-lengths,658,54,
https://leetcode.com/problems/bulb-switcher,362,810,
https://leetcode.com/problems/create-maximum-number,513,182,
https://leetcode.com/problems/coin-change,2697,92,
https://leetcode.com/problems/wiggle-sort-ii,808,446,
https://leetcode.com/problems/power-of-three,377,1259,
https://leetcode.com/problems/count-of-range-sum,536,71,
https://leetcode.com/problems/odd-even-linked-list,1096,258,
https://leetcode.com/problems/longest-increasing-path-in-a-matrix,1382,23,
https://leetcode.com/problems/patching-array,390,68,
https://leetcode.com/problems/verify-preorder-serialization-of-a-binary-tree,618,37,
https://leetcode.com/problems/reconstruct-itinerary,1129,716,
https://leetcode.com/problems/increasing-triplet-subsequence,1160,108,
https://leetcode.com/problems/self-crossing,107,297,
https://leetcode.com/problems/palindrome-pairs,1035,136,
https://leetcode.com/problems/house-robber-iii,1954,40,
https://leetcode.com/problems/counting-bits,1827,127,
https://leetcode.com/problems/flatten-nested-list-iterator,1309,542,
https://leetcode.com/problems/power-of-four,377,170,
https://leetcode.com/problems/integer-break,750,198,
https://leetcode.com/problems/reverse-string,992,607,
https://leetcode.com/problems/reverse-vowels-of-a-string,495,912,
https://leetcode.com/problems/top-k-frequent-elements,2155,141,
https://leetcode.com/problems/intersection-of-two-arrays,547,966,
https://leetcode.com/problems/intersection-of-two-arrays-ii,956,322,
https://leetcode.com/problems/data-stream-as-disjoint-intervals,244,70,
https://leetcode.com/problems/russian-doll-envelopes,769,32,
https://leetcode.com/problems/design-twitter,649,166,
https://leetcode.com/problems/count-numbers-with-unique-digits,312,730,
https://leetcode.com/problems/max-sum-of-rectangle-no-larger-than-k,551,38,
https://leetcode.com/problems/water-and-jug-problem,212,609,
https://leetcode.com/problems/valid-perfect-square,570,130,
https://leetcode.com/problems/largest-divisible-subset,701,37,
https://leetcode.com/problems/sum-of-two-integers,949,1777,
https://leetcode.com/problems/super-pow,167,643,
https://leetcode.com/problems/find-k-pairs-with-smallest-sums,925,76,
https://leetcode.com/problems/guess-number-higher-or-lower,299,1431,
https://leetcode.com/problems/guess-number-higher-or-lower-ii,652,931,
https://leetcode.com/problems/wiggle-subsequence,708,52,
https://leetcode.com/problems/combination-sum-iv,1045,124,
https://leetcode.com/problems/kth-smallest-element-in-a-sorted-matrix,1656,101,
https://leetcode.com/problems/insert-delete-getrandom-o1,1580,118,
https://leetcode.com/problems/insert-delete-getrandom-o1-duplicates-allowed,566,54,
https://leetcode.com/problems/linked-list-random-node,469,135,
https://leetcode.com/problems/ransom-note,402,149,
https://leetcode.com/problems/shuffle-an-array,364,825,
https://leetcode.com/problems/mini-parser,207,708,
https://leetcode.com/problems/lexicographical-numbers,463,65,
https://leetcode.com/problems/first-unique-character-in-a-string,1351,94,
https://leetcode.com/problems/longest-absolute-file-path,520,1161,
https://leetcode.com/problems/find-the-difference,607,253,
https://leetcode.com/problems/elimination-game,320,275,
https://leetcode.com/problems/perfect-rectangle,280,58,
https://leetcode.com/problems/is-subsequence,816,159,
https://leetcode.com/problems/utf-8-validation,173,847,
https://leetcode.com/problems/decode-string,2236,117,
https://leetcode.com/problems/longest-substring-with-at-least-k-repeating-characters,990,88,
https://leetcode.com/problems/rotate-function,316,105,
https://leetcode.com/problems/integer-replacement,275,274,
https://leetcode.com/problems/random-pick-index,325,540,
https://leetcode.com/problems/evaluate-division,1727,130,
https://leetcode.com/problems/nth-digit,297,935,
https://leetcode.com/problems/binary-watch,456,781,
https://leetcode.com/problems/remove-k-digits,1261,72,
https://leetcode.com/problems/frog-jump,685,81,
https://leetcode.com/problems/sum-of-left-leaves,842,97,
https://leetcode.com/problems/convert-a-number-to-hexadecimal,345,90,
https://leetcode.com/problems/queue-reconstruction-by-height,1980,233,
https://leetcode.com/problems/trapping-rain-water-ii,933,25,
https://leetcode.com/problems/longest-palindrome,706,68,
https://leetcode.com/problems/split-array-largest-sum,1233,72,
https://leetcode.com/problems/fizz-buzz,665,961,
https://leetcode.com/problems/arithmetic-slices,741,143,
https://leetcode.com/problems/third-maximum-number,481,903,
https://leetcode.com/problems/add-strings,592,201,
https://leetcode.com/problems/partition-equal-subset-sum,1754,53,
https://leetcode.com/problems/pacific-atlantic-water-flow,877,160,
https://leetcode.com/problems/battleships-in-a-board,524,388,
https://leetcode.com/problems/strong-password-checker,114,439,
https://leetcode.com/problems/maximum-xor-of-two-numbers-in-an-array,874,162,
https://leetcode.com/problems/reconstruct-original-digits-from-english,142,496,
https://leetcode.com/problems/longest-repeating-character-replacement,821,58,
https://leetcode.com/problems/construct-quad-tree,197,381,
https://leetcode.com/problems/n-ary-tree-level-order-traversal,388,37,
https://leetcode.com/problems/flatten-a-multilevel-doubly-linked-list,667,108,
https://leetcode.com/problems/all-oone-data-structure,454,60,
https://leetcode.com/problems/minimum-genetic-mutation,320,40,
https://leetcode.com/problems/number-of-segments-in-a-string,170,643,
https://leetcode.com/problems/non-overlapping-intervals,703,26,
https://leetcode.com/problems/find-right-interval,270,107,
https://leetcode.com/problems/path-sum-iii,2517,165,
https://leetcode.com/problems/find-all-anagrams-in-a-string,2048,153,
https://leetcode.com/problems/k-th-smallest-in-lexicographical-order,249,41,
https://leetcode.com/problems/arranging-coins,249,533,
https://leetcode.com/problems/find-all-duplicates-in-an-array,1465,128,
https://leetcode.com/problems/string-compression,533,1671,
https://leetcode.com/problems/add-two-numbers-ii,994,128,
https://leetcode.com/problems/arithmetic-slices-ii-subsequence,351,47,
https://leetcode.com/problems/number-of-boomerangs,341,541,
https://leetcode.com/problems/find-all-numbers-disappeared-in-an-array,2111,195,
https://leetcode.com/problems/serialize-and-deserialize-bst,914,59,
https://leetcode.com/problems/delete-node-in-a-bst,1266,69,
https://leetcode.com/problems/sort-characters-by-frequency,946,88,
https://leetcode.com/problems/minimum-number-of-arrows-to-burst-balloons,654,36,
https://leetcode.com/problems/minimum-moves-to-equal-array-elements,446,669,
https://leetcode.com/problems/4sum-ii,875,62,
https://leetcode.com/problems/assign-cookies,421,74,
https://leetcode.com/problems/132-pattern,932,58,
https://leetcode.com/problems/circular-array-loop,222,1094,
https://leetcode.com/problems/poor-pigs,331,753,
https://leetcode.com/problems/repeated-substring-pattern,1043,119,
https://leetcode.com/problems/lfu-cache,996,102,
https://leetcode.com/problems/hamming-distance,1475,145,
https://leetcode.com/problems/minimum-moves-to-equal-array-elements-ii,415,36,
https://leetcode.com/problems/island-perimeter,1354,95,
https://leetcode.com/problems/can-i-win,765,135,
https://leetcode.com/problems/count-the-repetitions,136,106,
https://leetcode.com/problems/unique-substrings-in-wraparound-string,451,72,
https://leetcode.com/problems/validate-ip-address,168,959,
https://leetcode.com/problems/implement-rand10-using-rand7,302,97,
https://leetcode.com/problems/concatenated-words,423,81,
https://leetcode.com/problems/matchsticks-to-square,415,44,
https://leetcode.com/problems/ones-and-zeroes,710,171,
https://leetcode.com/problems/heaters,579,636,
https://leetcode.com/problems/number-complement,626,76,
https://leetcode.com/problems/total-hamming-distance,644,47,
https://leetcode.com/problems/generate-random-point-in-a-circle,122,205,
https://leetcode.com/problems/largest-palindrome-product,77,1264,
https://leetcode.com/problems/sliding-window-median,585,60,
https://leetcode.com/problems/magical-string,93,600,
https://leetcode.com/problems/license-key-formatting,374,629,
https://leetcode.com/problems/smallest-good-base,115,284,
https://leetcode.com/problems/max-consecutive-ones,464,342,
https://leetcode.com/problems/predict-the-winner,1192,76,
https://leetcode.com/problems/zuma-game,161,156,
https://leetcode.com/problems/increasing-subsequences,527,93,
https://leetcode.com/problems/construct-the-rectangle,158,234,
https://leetcode.com/problems/reverse-pairs,664,100,
https://leetcode.com/problems/target-sum,1829,85,
https://leetcode.com/problems/teemo-attacking,284,607,
https://leetcode.com/problems/next-greater-element-i,1070,1670,
https://leetcode.com/problems/random-point-in-non-overlapping-rectangles,147,153,
https://leetcode.com/problems/diagonal-traverse,491,270,
https://leetcode.com/problems/keyboard-row,461,561,
https://leetcode.com/problems/find-mode-in-binary-search-tree,685,270,
https://leetcode.com/problems/ipo,252,30,
https://leetcode.com/problems/next-greater-element-ii,962,53,
https://leetcode.com/problems/base-7,185,134,
https://leetcode.com/problems/relative-ranks,213,438,
https://leetcode.com/problems/perfect-number,197,529,
https://leetcode.com/problems/most-frequent-subtree-sum,484,95,
https://leetcode.com/problems/fibonacci-number,362,171,
https://leetcode.com/problems/find-bottom-left-tree-value,683,115,
https://leetcode.com/problems/freedom-trail,330,19,
https://leetcode.com/problems/find-largest-value-in-each-tree-row,616,51,
https://leetcode.com/problems/longest-palindromic-subsequence,1284,155,
https://leetcode.com/problems/super-washing-machines,250,125,
https://leetcode.com/problems/coin-change-2,1120,44,
https://leetcode.com/problems/random-flip-matrix,139,49,
https://leetcode.com/problems/detect-capital,366,229,
https://leetcode.com/problems/longest-uncommon-subsequence-i,238,3773,
https://leetcode.com/problems/longest-uncommon-subsequence-ii,137,524,
https://leetcode.com/problems/continuous-subarray-sum,911,1273,
https://leetcode.com/problems/longest-word-in-dictionary-through-deleting,421,199,Medium
https://leetcode.com/problems/contiguous-array,950,48,Medium
https://leetcode.com/problems/beautiful-arrangement,526,131,Medium
https://leetcode.com/problems/random-pick-with-weight,421,801,Medium
https://leetcode.com/problems/minesweeper,443,403,Medium
https://leetcode.com/problems/minimum-absolute-difference-in-bst,655,52,Easy
https://leetcode.com/problems/k-diff-pairs-in-an-array,434,1018,Easy
https://leetcode.com/problems/encode-and-decode-tinyurl,552,1218,Medium
https://leetcode.com/problems/complex-number-multiplication,190,638,Medium
https://leetcode.com/problems/convert-bst-to-greater-tree,1569,101,Easy
https://leetcode.com/problems/minimum-time-difference,344,116,Medium
https://leetcode.com/problems/single-element-in-a-sorted-array,967,67,Medium
https://leetcode.com/problems/reverse-string-ii,323,969,Easy
https://leetcode.com/problems/01-matrix,954,93,Medium
https://leetcode.com/problems/diameter-of-binary-tree,1940,120,Easy
https://leetcode.com/problems/remove-boxes,466,42,Hard
https://leetcode.com/problems/friend-circles,1379,109,Medium
https://leetcode.com/problems/student-attendance-record-i,192,708,Easy
https://leetcode.com/problems/student-attendance-record-ii,400,81,Hard
https://leetcode.com/problems/optimal-division,143,1031,Medium
https://leetcode.com/problems/brick-wall,673,35,Medium
https://leetcode.com/problems/next-greater-element-iii,452,145,Medium
https://leetcode.com/problems/reverse-words-in-a-string-iii,771,80,Easy
https://leetcode.com/problems/quad-tree-intersection,73,302,Easy
https://leetcode.com/problems/maximum-depth-of-n-ary-tree,542,35,Easy
https://leetcode.com/problems/subarray-sum-equals-k,2924,80,Medium
https://leetcode.com/problems/array-partition-i,667,2064,Easy
https://leetcode.com/problems/binary-tree-tilt,380,943,Easy
https://leetcode.com/problems/find-the-closest-palindrome,192,715,Hard
https://leetcode.com/problems/array-nesting,686,86,Medium
https://leetcode.com/problems/reshape-the-matrix,659,94,Easy
https://leetcode.com/problems/permutation-in-string,901,46,Medium
https://leetcode.com/problems/subtree-of-another-tree,1658,72,Easy
https://leetcode.com/problems/distribute-candies,357,762,Easy
https://leetcode.com/problems/out-of-boundary-paths,373,119,Medium
https://leetcode.com/problems/shortest-unsorted-continuous-subarray,1933,92,Easy
https://leetcode.com/problems/delete-operation-for-two-strings,832,22,Medium
https://leetcode.com/problems/erect-the-fence,159,166,Hard
https://leetcode.com/problems/n-ary-tree-preorder-traversal,355,48,Easy
https://leetcode.com/problems/n-ary-tree-postorder-traversal,436,51,Easy
https://leetcode.com/problems/tag-validator,70,350,Hard
https://leetcode.com/problems/fraction-addition-and-subtraction,136,257,Medium
https://leetcode.com/problems/valid-square,170,319,Medium
https://leetcode.com/problems/longest-harmonious-subsequence,502,71,Easy
https://leetcode.com/problems/big-countries,414,603,Easy
https://leetcode.com/problems/classes-more-than-5-students,174,529,Easy
https://leetcode.com/problems/range-addition-ii,225,507,Easy
https://leetcode.com/problems/minimum-index-sum-of-two-lists,456,171,Easy
https://leetcode.com/problems/non-negative-integers-without-consecutive-ones,287,66,Hard
https://leetcode.com/problems/human-traffic-of-stadium,123,261,Hard
https://leetcode.com/problems/can-place-flowers,604,309,Easy
https://leetcode.com/problems/construct-string-from-binary-tree,626,854,Easy
https://leetcode.com/problems/find-duplicate-file-in-system,315,470,Medium
https://leetcode.com/problems/valid-triangle-number,768,84,Medium
https://leetcode.com/problems/merge-two-binary-trees,2296,148,Easy
https://leetcode.com/problems/not-boring-movies,208,246,Easy
https://leetcode.com/problems/task-scheduler,2238,439,Medium
https://leetcode.com/problems/design-circular-queue,375,64,Medium
https://leetcode.com/problems/add-one-row-to-tree,338,113,Medium
https://leetcode.com/problems/exchange-seats,240,202,Medium
https://leetcode.com/problems/swap-salary,372,263,Easy
https://leetcode.com/problems/maximum-product-of-three-numbers,852,303,Easy
https://leetcode.com/problems/k-inverse-pairs-array,252,76,Hard
https://leetcode.com/problems/course-schedule-iii,521,28,Hard
https://leetcode.com/problems/smallest-range-covering-elements-from-k-lists,845,24,Hard
https://leetcode.com/problems/sum-of-square-numbers,405,270,Easy
https://leetcode.com/problems/exclusive-time-of-functions,560,942,Medium
https://leetcode.com/problems/average-of-levels-in-binary-tree,951,136,Easy
https://leetcode.com/problems/shopping-offers,430,382,Medium
https://leetcode.com/problems/decode-ways-ii,321,431,Hard
https://leetcode.com/problems/solve-the-equation,195,448,Medium
https://leetcode.com/problems/design-circular-deque,156,31,Medium
https://leetcode.com/problems/maximum-average-subarray-i,552,93,Easy
https://leetcode.com/problems/set-mismatch,502,264,Easy
https://leetcode.com/problems/maximum-length-of-pair-chain,671,59,Medium
https://leetcode.com/problems/palindromic-substrings,1852,95,Medium
https://leetcode.com/problems/replace-words,544,119,Medium
https://leetcode.com/problems/dota2-senate,234,176,Medium
https://leetcode.com/problems/2-keys-keyboard,820,61,Medium
https://leetcode.com/problems/find-duplicate-subtrees,970,179,Medium
https://leetcode.com/problems/two-sum-iv-input-is-a-bst,1108,121,Easy
https://leetcode.com/problems/maximum-binary-tree,1389,187,Medium
https://leetcode.com/problems/print-binary-tree,281,660,Medium
https://leetcode.com/problems/robot-return-to-origin,807,605,Easy
https://leetcode.com/problems/find-k-closest-elements,895,186,Medium
https://leetcode.com/problems/split-array-into-consecutive-subsequences,724,278,Medium
https://leetcode.com/problems/image-smoother,206,924,Easy
https://leetcode.com/problems/maximum-width-of-binary-tree,823,178,Medium
https://leetcode.com/problems/strange-printer,316,42,Hard
https://leetcode.com/problems/non-decreasing-array,1373,319,Easy
https://leetcode.com/problems/beautiful-arrangement-ii,270,560,Medium
https://leetcode.com/problems/kth-smallest-number-in-multiplication-table,424,18,Hard
https://leetcode.com/problems/trim-a-binary-search-tree,1392,144,Easy
https://leetcode.com/problems/maximum-swap,712,52,Medium
https://leetcode.com/problems/second-minimum-node-in-a-binary-tree,469,698,Easy
https://leetcode.com/problems/bulb-switcher-ii,109,770,Medium
https://leetcode.com/problems/number-of-longest-increasing-subsequence,1018,71,Medium
https://leetcode.com/problems/longest-continuous-increasing-subsequence,551,104,Easy
https://leetcode.com/problems/cut-off-trees-for-golf-event,402,235,Hard
https://leetcode.com/problems/implement-magic-dictionary,447,110,Medium
https://leetcode.com/problems/map-sum-pairs,376,68,Medium
https://leetcode.com/problems/valid-parenthesis-string,835,29,Medium
https://leetcode.com/problems/24-game,511,111,Hard
https://leetcode.com/problems/valid-palindrome-ii,1050,70,Easy
https://leetcode.com/problems/baseball-game,367,884,Easy
https://leetcode.com/problems/redundant-connection,904,213,Medium
https://leetcode.com/problems/redundant-connection-ii,580,177,Hard
https://leetcode.com/problems/repeated-string-match,622,621,Easy
https://leetcode.com/problems/longest-univalue-path,1254,332,Easy
https://leetcode.com/problems/knight-probability-in-chessboard,536,117,Medium
https://leetcode.com/problems/maximum-sum-of-3-non-overlapping-subarrays,712,36,Hard
https://leetcode.com/problems/employee-importance,470,519,Easy
https://leetcode.com/problems/stickers-to-spell-word,312,30,Hard
https://leetcode.com/problems/top-k-frequent-words,1120,104,Medium
https://leetcode.com/problems/binary-number-with-alternating-bits,350,74,Easy
https://leetcode.com/problems/max-area-of-island,1394,67,Medium
https://leetcode.com/problems/count-binary-substrings,765,136,Easy
https://leetcode.com/problems/degree-of-an-array,659,594,Easy
https://leetcode.com/problems/partition-to-k-equal-sum-subsets,1189,67,Medium
https://leetcode.com/problems/falling-squares,207,43,Hard
https://leetcode.com/problems/search-in-a-binary-search-tree,461,104,Easy
https://leetcode.com/problems/insert-into-a-binary-search-tree,554,59,Medium
https://leetcode.com/problems/kth-largest-element-in-a-stream,468,235,Easy
https://leetcode.com/problems/binary-search,408,36,Easy
https://leetcode.com/problems/design-hashset,208,52,Easy
https://leetcode.com/problems/design-hashmap,535,80,Easy
https://leetcode.com/problems/design-linked-list,405,577,Medium
https://leetcode.com/problems/to-lower-case,371,1273,Easy
https://leetcode.com/problems/random-pick-with-blacklist,230,50,Hard
https://leetcode.com/problems/minimum-ascii-delete-sum-for-two-strings,690,41,Medium
https://leetcode.com/problems/subarray-product-less-than-k,895,46,Medium
https://leetcode.com/problems/best-time-to-buy-and-sell-stock-with-transaction-fee,1158,34,Medium
https://leetcode.com/problems/range-module,356,30,Hard
https://leetcode.com/problems/1-bit-and-2-bit-characters,307,807,Easy
https://leetcode.com/problems/maximum-length-of-repeated-subarray,876,37,Medium
https://leetcode.com/problems/find-k-th-smallest-pair-distance,689,23,Hard
https://leetcode.com/problems/longest-word-in-dictionary,452,558,Easy
https://leetcode.com/problems/accounts-merge,907,234,Medium
https://leetcode.com/problems/remove-comments,213,665,Medium
https://leetcode.com/problems/find-pivot-index,807,183,Easy
https://leetcode.com/problems/split-linked-list-in-parts,457,92,Medium
https://leetcode.com/problems/number-of-atoms,292,95,Hard
https://leetcode.com/problems/self-dividing-numbers,513,270,Easy
https://leetcode.com/problems/my-calendar-i,480,29,Medium
https://leetcode.com/problems/count-different-palindromic-subsequences,381,38,Hard
https://leetcode.com/problems/my-calendar-ii,477,70,Medium
https://leetcode.com/problems/my-calendar-iii,280,92,Hard
https://leetcode.com/problems/flood-fill,672,140,Easy
https://leetcode.com/problems/asteroid-collision,639,78,Medium
https://leetcode.com/problems/parse-lisp-expression,207,169,Hard
https://leetcode.com/problems/monotone-increasing-digits,318,52,Medium
https://leetcode.com/problems/daily-temperatures,1880,58,Medium
https://leetcode.com/problems/delete-and-earn,743,68,Medium
https://leetcode.com/problems/cherry-pickup,663,50,Hard
https://leetcode.com/problems/network-delay-time,921,192,Medium
https://leetcode.com/problems/find-smallest-letter-greater-than-target,297,418,Easy
https://leetcode.com/problems/prefix-and-suffix-search,259,175,Hard
https://leetcode.com/problems/min-cost-climbing-stairs,1414,330,Easy
https://leetcode.com/problems/largest-number-at-least-twice-of-others,241,480,Easy
https://leetcode.com/problems/shortest-completing-word,144,519,Easy
https://leetcode.com/problems/contain-virus,58,184,Hard
https://leetcode.com/problems/open-the-lock,563,29,Medium
https://leetcode.com/problems/cracking-the-safe,353,430,Hard
https://leetcode.com/problems/reach-a-number,364,309,Medium
https://leetcode.com/problems/pyramid-transition-matrix,230,301,Medium
https://leetcode.com/problems/set-intersection-size-at-least-two,199,16,Hard
https://leetcode.com/problems/special-binary-string,224,80,Hard
https://leetcode.com/problems/prime-number-of-set-bits-in-binary-representation,188,277,Easy
https://leetcode.com/problems/partition-labels,1478,78,Medium
https://leetcode.com/problems/largest-plus-sign,338,76,Medium
https://leetcode.com/problems/couples-holding-hands,473,53,Hard
https://leetcode.com/problems/toeplitz-matrix,763,71,Easy
https://leetcode.com/problems/reorganize-string,840,42,Medium
https://leetcode.com/problems/max-chunks-to-make-sorted-ii,320,13,Hard
https://leetcode.com/problems/max-chunks-to-make-sorted,597,97,Medium
https://leetcode.com/problems/basic-calculator-iv,48,462,Hard
https://leetcode.com/problems/jewels-and-stones,1720,316,Easy
https://leetcode.com/problems/sliding-puzzle,457,16,Hard
https://leetcode.com/problems/global-and-local-inversions,250,136,Medium
https://leetcode.com/problems/swap-adjacent-in-lr-string,277,255,Medium
https://leetcode.com/problems/swim-in-rising-water,407,35,Hard
https://leetcode.com/problems/k-th-symbol-in-grammar,297,100,Medium
https://leetcode.com/problems/reaching-points,339,72,Hard
https://leetcode.com/problems/rabbits-in-forest,201,242,Medium
https://leetcode.com/problems/transform-to-chessboard,102,108,Hard
https://leetcode.com/problems/minimum-distance-between-bst-nodes,476,140,Easy
https://leetcode.com/problems/letter-case-permutation,858,94,Easy
https://leetcode.com/problems/is-graph-bipartite,912,117,Medium
https://leetcode.com/problems/k-th-smallest-prime-fraction,282,17,Hard
https://leetcode.com/problems/cheapest-flights-within-k-stops,1113,39,Medium
https://leetcode.com/problems/rotated-digits,262,879,Easy
https://leetcode.com/problems/escape-the-ghosts,150,298,Medium
https://leetcode.com/problems/domino-and-tromino-tiling,308,159,Medium
https://leetcode.com/problems/custom-sort-string,529,156,Medium
https://leetcode.com/problems/number-of-matching-subsequences,638,46,Medium
https://leetcode.com/problems/preimage-size-of-factorial-zeroes-function,130,51,Hard
https://leetcode.com/problems/valid-tic-tac-toe-state,147,466,Medium
https://leetcode.com/problems/number-of-subarrays-with-bounded-maximum,426,38,Medium
https://leetcode.com/problems/rotate-string,510,41,Easy
https://leetcode.com/problems/all-paths-from-source-to-target,551,47,Medium
https://leetcode.com/problems/smallest-rotation-with-highest-score,191,15,Hard
https://leetcode.com/problems/champagne-tower,336,22,Medium
https://leetcode.com/problems/minimum-swaps-to-make-sequences-increasing,711,48,Medium
https://leetcode.com/problems/find-eventual-safe-states,510,81,Medium
https://leetcode.com/problems/bricks-falling-when-hit,353,113,Hard
https://leetcode.com/problems/unique-morse-code-words,528,504,Easy
https://leetcode.com/problems/split-array-with-same-average,292,63,Hard
https://leetcode.com/problems/number-of-lines-to-write-string,195,747,Easy
https://leetcode.com/problems/max-increase-to-keep-city-skyline,687,190,Medium
https://leetcode.com/problems/soup-servings,120,418,Medium
https://leetcode.com/problems/expressive-words,161,517,Medium
https://leetcode.com/problems/chalkboard-xor-game,49,161,Hard
https://leetcode.com/problems/subdomain-visit-count,355,520,Easy
https://leetcode.com/problems/largest-triangle-area,142,840,Easy
https://leetcode.com/problems/largest-sum-of-averages,675,26,Medium
https://leetcode.com/problems/binary-tree-pruning,745,25,Medium
https://leetcode.com/problems/bus-routes,557,20,Hard
https://leetcode.com/problems/ambiguous-coordinates,93,184,Medium
https://leetcode.com/problems/linked-list-components,272,712,Medium
https://leetcode.com/problems/race-car,374,45,Hard
https://leetcode.com/problems/most-common-word,438,1110,Easy
https://leetcode.com/problems/short-encoding-of-words,191,50,Medium
https://leetcode.com/problems/shortest-distance-to-a-character,782,64,Easy
https://leetcode.com/problems/card-flipping-game,62,394,Medium
https://leetcode.com/problems/binary-trees-with-factors,233,30,Medium
https://leetcode.com/problems/goat-latin,201,503,Easy
https://leetcode.com/problems/friends-of-appropriate-ages,235,502,Medium
https://leetcode.com/problems/most-profit-assigning-work,278,46,Medium
https://leetcode.com/problems/making-a-large-island,323,12,Hard
https://leetcode.com/problems/unique-letter-string,288,32,Hard
https://leetcode.com/problems/consecutive-numbers-sum,228,338,Hard
https://leetcode.com/problems/positions-of-large-groups,254,70,Easy
https://leetcode.com/problems/masking-personal-information,59,256,Medium
https://leetcode.com/problems/flipping-an-image,658,137,Easy
https://leetcode.com/problems/find-and-replace-in-string,223,301,Medium
https://leetcode.com/problems/sum-of-distances-in-tree,582,28,Hard
https://leetcode.com/problems/image-overlap,242,330,Medium
https://leetcode.com/problems/rectangle-overlap,475,91,Easy
https://leetcode.com/problems/new-21-game,449,243,Medium
https://leetcode.com/problems/push-dominoes,398,47,Medium
https://leetcode.com/problems/similar-string-groups,226,79,Hard
https://leetcode.com/problems/magic-squares-in-grid,94,878,Easy
https://leetcode.com/problems/keys-and-rooms,647,57,Medium
https://leetcode.com/problems/split-array-into-fibonacci-sequence,339,117,Medium
https://leetcode.com/problems/guess-the-word,387,421,Hard
https://leetcode.com/problems/backspace-string-compare,934,56,Easy
https://leetcode.com/problems/longest-mountain-in-array,427,15,Medium
https://leetcode.com/problems/hand-of-straights,379,55,Medium
https://leetcode.com/problems/shortest-path-visiting-all-nodes,427,44,Hard
https://leetcode.com/problems/shifting-letters,205,43,Medium
https://leetcode.com/problems/maximize-distance-to-closest-person,571,87,Easy
https://leetcode.com/problems/rectangle-area-ii,240,27,Hard
https://leetcode.com/problems/loud-and-rich,208,236,Medium
https://leetcode.com/problems/peak-index-in-a-mountain-array,412,896,Easy
https://leetcode.com/problems/car-fleet,336,172,Medium
https://leetcode.com/problems/k-similar-strings,260,29,Hard
https://leetcode.com/problems/exam-room,445,186,Medium
https://leetcode.com/problems/score-of-parentheses,764,28,Medium
https://leetcode.com/problems/minimum-cost-to-hire-k-workers,682,69,Hard
https://leetcode.com/problems/mirror-reflection,153,252,Medium
https://leetcode.com/problems/buddy-strings,392,250,Easy
https://leetcode.com/problems/lemonade-change,407,65,Easy
https://leetcode.com/problems/score-after-flipping-matrix,348,88,Medium
https://leetcode.com/problems/shortest-subarray-with-sum-at-least-k,686,19,Hard
https://leetcode.com/problems/all-nodes-distance-k-in-binary-tree,1276,29,Medium
https://leetcode.com/problems/shortest-path-to-get-all-keys,275,8,Hard
https://leetcode.com/problems/smallest-subtree-with-all-the-deepest-nodes,509,157,Medium
https://leetcode.com/problems/prime-palindrome,140,399,Medium
https://leetcode.com/problems/transpose-matrix,287,261,Easy
https://leetcode.com/problems/binary-gap,168,406,Easy
https://leetcode.com/problems/reordered-power-of-2,162,76,Medium
https://leetcode.com/problems/advantage-shuffle,352,22,Medium
https://leetcode.com/problems/minimum-number-of-refueling-stops,484,9,Hard
https://leetcode.com/problems/leaf-similar-trees,516,27,Easy
https://leetcode.com/problems/length-of-longest-fibonacci-subsequence,520,23,Medium
https://leetcode.com/problems/walking-robot-simulation,105,595,Easy
https://leetcode.com/problems/koko-eating-bananas,449,49,Medium
https://leetcode.com/problems/middle-of-the-linked-list,751,46,Easy
https://leetcode.com/problems/stone-game,453,768,Medium
https://leetcode.com/problems/nth-magical-number,150,46,Hard
https://leetcode.com/problems/profitable-schemes,184,23,Hard
https://leetcode.com/problems/decoded-string-at-index,328,67,Medium
https://leetcode.com/problems/boats-to-save-people,364,26,Medium
https://leetcode.com/problems/reachable-nodes-in-subdivided-graph,120,111,Hard
https://leetcode.com/problems/projection-area-of-3d-shapes,193,658,Easy
https://leetcode.com/problems/uncommon-words-from-two-sentences,301,72,Easy
https://leetcode.com/problems/spiral-matrix-iii,150,212,Medium
https://leetcode.com/problems/possible-bipartition,375,16,Medium
https://leetcode.com/problems/super-egg-drop,530,56,Hard
https://leetcode.com/problems/fair-candy-swap,393,99,Easy
https://leetcode.com/problems/construct-binary-tree-from-preorder-and-postorder-traversal,565,37,Medium
https://leetcode.com/problems/find-and-replace-pattern,511,55,Medium
https://leetcode.com/problems/sum-of-subsequence-widths,159,88,Hard
https://leetcode.com/problems/surface-area-of-3d-shapes,189,248,Easy
https://leetcode.com/problems/groups-of-special-equivalent-strings,190,903,Easy
https://leetcode.com/problems/all-possible-full-binary-trees,604,61,Medium
https://leetcode.com/problems/maximum-frequency-stack,681,11,Hard
https://leetcode.com/problems/monotonic-array,407,31,Easy
https://leetcode.com/problems/increasing-order-search-tree,425,396,Easy
https://leetcode.com/problems/bitwise-ors-of-subarrays,327,64,Medium
https://leetcode.com/problems/orderly-queue,135,164,Hard
https://leetcode.com/problems/rle-iterator,166,63,Medium
https://leetcode.com/problems/online-stock-span,314,59,Medium
https://leetcode.com/problems/numbers-at-most-n-given-digit-set,126,30,Hard
https://leetcode.com/problems/valid-permutations-for-di-sequence,215,26,Hard
https://leetcode.com/problems/fruit-into-baskets,598,933,Medium
https://leetcode.com/problems/sort-array-by-parity,651,65,Easy
https://leetcode.com/problems/super-palindromes,63,145,Hard
https://leetcode.com/problems/sum-of-subarray-minimums,738,54,Medium
https://leetcode.com/problems/smallest-range-i,157,840,Easy
https://leetcode.com/problems/snakes-and-ladders,221,583,Medium
https://leetcode.com/problems/smallest-range-ii,242,138,Medium
https://leetcode.com/problems/online-election,251,195,Medium
https://leetcode.com/problems/sort-an-array,214,163,Medium
https://leetcode.com/problems/cat-and-mouse,248,52,Hard
https://leetcode.com/problems/x-of-a-kind-in-a-deck-of-cards,326,81,Easy
https://leetcode.com/problems/partition-array-into-disjoint-intervals,260,20,Medium
https://leetcode.com/problems/word-subsets,241,57,Medium
https://leetcode.com/problems/reverse-only-letters,363,30,Easy
https://leetcode.com/problems/maximum-sum-circular-subarray,459,24,Medium
https://leetcode.com/problems/complete-binary-tree-inserter,203,44,Medium
https://leetcode.com/problems/number-of-music-playlists,273,34,Hard
https://leetcode.com/problems/minimum-add-to-make-parentheses-valid,431,34,Medium
https://leetcode.com/problems/sort-array-by-parity-ii,417,40,Easy
https://leetcode.com/problems/3sum-with-multiplicity,262,50,Medium
https://leetcode.com/problems/minimize-malware-spread,206,169,Hard
https://leetcode.com/problems/long-pressed-name,371,48,Easy
https://leetcode.com/problems/flip-string-to-monotone-increasing,418,13,Medium
https://leetcode.com/problems/three-equal-parts,135,43,Hard
https://leetcode.com/problems/minimize-malware-spread-ii,129,35,Hard
https://leetcode.com/problems/unique-email-addresses,634,165,Easy
https://leetcode.com/problems/binary-subarrays-with-sum,317,18,Medium
https://leetcode.com/problems/minimum-falling-path-sum,398,41,Medium
https://leetcode.com/problems/beautiful-array,245,351,Medium
https://leetcode.com/problems/number-of-recent-calls,191,1075,Easy
https://leetcode.com/problems/shortest-bridge,452,39,Medium
https://leetcode.com/problems/knight-dialer,362,137,Medium
https://leetcode.com/problems/stamping-the-sequence,116,33,Hard
https://leetcode.com/problems/reorder-data-in-log-files,364,1150,Easy
https://leetcode.com/problems/range-sum-of-bst,683,142,Easy
https://leetcode.com/problems/minimum-area-rectangle,433,83,Medium
https://leetcode.com/problems/distinct-subsequences-ii,256,12,Hard
https://leetcode.com/problems/valid-mountain-array,243,56,Easy
https://leetcode.com/problems/di-string-match,620,229,Easy
https://leetcode.com/problems/find-the-shortest-superstring,245,61,Hard
https://leetcode.com/problems/delete-columns-to-make-sorted,89,1237,Easy
https://leetcode.com/problems/minimum-increment-to-make-array-unique,259,12,Medium
https://leetcode.com/problems/validate-stack-sequences,397,12,Medium
https://leetcode.com/problems/most-stones-removed-with-same-row-or-column,692,220,Medium
https://leetcode.com/problems/bag-of-tokens,127,123,Medium
https://leetcode.com/problems/largest-time-for-given-digits,113,269,Easy
https://leetcode.com/problems/reveal-cards-in-increasing-order,554,112,Medium
https://leetcode.com/problems/flip-equivalent-binary-trees,403,17,Medium
https://leetcode.com/problems/largest-component-size-by-common-factor,148,34,Hard
https://leetcode.com/problems/verifying-an-alien-dictionary,395,157,Easy
https://leetcode.com/problems/array-of-doubled-pairs,164,32,Medium
https://leetcode.com/problems/delete-columns-to-make-sorted-ii,170,39,Medium
https://leetcode.com/problems/tallest-billboard,242,12,Hard
https://leetcode.com/problems/prison-cells-after-n-days,274,475,Medium
https://leetcode.com/problems/check-completeness-of-a-binary-tree,480,9,Medium
https://leetcode.com/problems/regions-cut-by-slashes,484,98,Medium
https://leetcode.com/problems/delete-columns-to-make-sorted-iii,191,6,Hard
https://leetcode.com/problems/n-repeated-element-in-size-2n-array,303,187,Easy
https://leetcode.com/problems/maximum-width-ramp,391,11,Medium
https://leetcode.com/problems/minimum-area-rectangle-ii,98,155,Medium
https://leetcode.com/problems/least-operators-to-express-number,130,44,Hard
https://leetcode.com/problems/univalued-binary-tree,297,39,Easy
https://leetcode.com/problems/vowel-spellchecker,97,197,Medium
https://leetcode.com/problems/numbers-with-same-consecutive-differences,132,42,Medium
https://leetcode.com/problems/binary-tree-cameras,446,12,Hard
https://leetcode.com/problems/pancake-sorting,250,308,Medium
https://leetcode.com/problems/powerful-integers,100,206,Easy
https://leetcode.com/problems/flip-binary-tree-to-match-preorder-traversal,169,80,Medium
https://leetcode.com/problems/equal-rational-numbers,36,119,Hard
https://leetcode.com/problems/k-closest-points-to-origin,931,82,Medium
https://leetcode.com/problems/subarray-sums-divisible-by-k,527,46,Medium
https://leetcode.com/problems/odd-even-jump,490,146,Hard
https://leetcode.com/problems/largest-perimeter-triangle,249,27,Easy
https://leetcode.com/problems/squares-of-a-sorted-array,634,61,Easy
https://leetcode.com/problems/longest-turbulent-subarray,182,63,Medium
https://leetcode.com/problems/distribute-coins-in-binary-tree,930,30,Medium
https://leetcode.com/problems/unique-paths-iii,350,44,Hard
https://leetcode.com/problems/time-based-key-value-store,453,61,Medium
https://leetcode.com/problems/triples-with-bitwise-and-equal-to-zero,77,97,Hard
https://leetcode.com/problems/minimum-cost-for-tickets,831,20,Medium
https://leetcode.com/problems/string-without-aaa-or-bbb,132,199,Medium
https://leetcode.com/problems/sum-of-even-numbers-after-queries,236,105,Easy
https://leetcode.com/problems/interval-list-intersections,629,26,Medium
https://leetcode.com/problems/vertical-order-traversal-of-a-binary-tree,252,629,Medium
https://leetcode.com/problems/smallest-string-starting-from-leaf,232,54,Medium
https://leetcode.com/problems/add-to-array-form-of-integer,214,41,Easy
https://leetcode.com/problems/satisfiability-of-equality-equations,289,3,Medium
https://leetcode.com/problems/broken-calculator,248,60,Medium
https://leetcode.com/problems/subarrays-with-k-different-integers,607,11,Hard
https://leetcode.com/problems/cousins-in-binary-tree,348,24,Easy
https://leetcode.com/problems/rotting-oranges,611,63,Easy
https://leetcode.com/problems/minimum-number-of-k-consecutive-bit-flips,188,24,Hard
https://leetcode.com/problems/number-of-squareful-arrays,206,17,Hard
https://leetcode.com/problems/find-the-town-judge,325,44,Easy
https://leetcode.com/problems/maximum-binary-tree-ii,119,282,Medium
https://leetcode.com/problems/available-captures-for-rook,134,306,Easy
https://leetcode.com/problems/minimum-cost-to-merge-stones,388,32,Hard
https://leetcode.com/problems/grid-illumination,130,49,Hard
https://leetcode.com/problems/find-common-characters,508,61,Easy
https://leetcode.com/problems/check-if-word-is-valid-after-substitutions,126,200,Medium
https://leetcode.com/problems/max-consecutive-ones-iii,538,10,Medium
https://leetcode.com/problems/maximize-sum-of-array-after-k-negations,210,27,Easy
https://leetcode.com/problems/clumsy-factorial,65,115,Medium
https://leetcode.com/problems/minimum-domino-rotations-for-equal-row,376,122,Medium
https://leetcode.com/problems/construct-binary-search-tree-from-preorder-traversal,479,19,Medium
https://leetcode.com/problems/complement-of-base-10-integer,112,19,Easy
https://leetcode.com/problems/pairs-of-songs-with-total-durations-divisible-by-60,316,31,Easy
https://leetcode.com/problems/capacity-to-ship-packages-within-d-days,610,19,Medium
https://leetcode.com/problems/numbers-with-repeated-digits,125,38,Hard
https://leetcode.com/problems/partition-array-into-three-parts-with-equal-sum,245,41,Easy
https://leetcode.com/problems/best-sightseeing-pair,313,19,Medium
https://leetcode.com/problems/smallest-integer-divisible-by-k,72,204,Medium
https://leetcode.com/problems/binary-string-with-substrings-representing-1-to-n,76,240,Medium
https://leetcode.com/problems/convert-to-base-2,112,130,Medium
https://leetcode.com/problems/binary-prefix-divisible-by-5,145,73,Easy
https://leetcode.com/problems/next-greater-node-in-linked-list,423,26,Medium
https://leetcode.com/problems/number-of-enclaves,152,17,Medium
https://leetcode.com/problems/remove-outermost-parentheses,283,425,Easy
https://leetcode.com/problems/sum-of-root-to-leaf-binary-numbers,269,62,Easy
https://leetcode.com/problems/camelcase-matching,121,99,Medium
https://leetcode.com/problems/video-stitching,283,16,Medium
https://leetcode.com/problems/divisor-game,216,620,Easy
https://leetcode.com/problems/maximum-difference-between-node-and-ancestor,272,15,Medium
https://leetcode.com/problems/longest-arithmetic-sequence,417,27,Medium
https://leetcode.com/problems/recover-a-tree-from-preorder-traversal,290,13,Hard
https://leetcode.com/problems/two-city-scheduling,506,66,Easy
https://leetcode.com/problems/matrix-cells-in-distance-order,131,71,Easy
https://leetcode.com/problems/maximum-sum-of-two-non-overlapping-subarrays,325,20,Medium
https://leetcode.com/problems/stream-of-characters,191,46,Hard
https://leetcode.com/problems/moving-stones-until-consecutive,41,329,Easy
https://leetcode.com/problems/coloring-a-border,73,170,Medium
https://leetcode.com/problems/uncrossed-lines,307,8,Medium
https://leetcode.com/problems/escape-a-large-maze,151,89,Hard
https://leetcode.com/problems/valid-boomerang,66,179,Easy
https://leetcode.com/problems/binary-search-tree-to-greater-sum-tree,449,69,Medium
https://leetcode.com/problems/minimum-score-triangulation-of-polygon,244,29,Medium
https://leetcode.com/problems/moving-stones-until-consecutive-ii,97,154,Medium
https://leetcode.com/problems/robot-bounded-in-circle,162,92,Medium
https://leetcode.com/problems/flower-planting-with-no-adjacent,166,196,Easy
https://leetcode.com/problems/partition-array-for-maximum-sum,375,46,Medium
https://leetcode.com/problems/longest-duplicate-substring,147,99,Hard
https://leetcode.com/problems/last-stone-weight,304,15,Easy
https://leetcode.com/problems/remove-all-adjacent-duplicates-in-string,388,35,Easy
https://leetcode.com/problems/longest-string-chain,380,29,Medium
https://leetcode.com/problems/last-stone-weight-ii,292,13,Medium
https://leetcode.com/problems/height-checker,126,883,Easy
https://leetcode.com/problems/grumpy-bookstore-owner,218,20,Medium
https://leetcode.com/problems/previous-permutation-with-one-swap,78,179,Medium
https://leetcode.com/problems/distant-barcodes,191,14,Medium
https://leetcode.com/problems/greatest-common-divisor-of-strings,238,72,Easy
https://leetcode.com/problems/flip-columns-for-maximum-number-of-equal-rows,164,15,Medium
https://leetcode.com/problems/adding-two-negabinary-numbers,69,43,Medium
https://leetcode.com/problems/number-of-submatrices-that-sum-to-target,237,11,Hard
https://leetcode.com/problems/occurrences-after-bigram,76,112,Easy
https://leetcode.com/problems/letter-tile-possibilities,376,18,Medium
https://leetcode.com/problems/insufficient-nodes-in-root-to-leaf-paths,99,270,Medium
https://leetcode.com/problems/smallest-subsequence-of-distinct-characters,232,47,Medium
https://leetcode.com/problems/duplicate-zeros,239,132,Easy
https://leetcode.com/problems/largest-values-from-labels,60,192,Medium
https://leetcode.com/problems/shortest-path-in-binary-matrix,194,29,Medium
https://leetcode.com/problems/shortest-common-supersequence,231,8,Hard
https://leetcode.com/problems/statistics-from-a-large-sample,38,184,Medium
https://leetcode.com/problems/car-pooling,304,14,Medium
https://leetcode.com/problems/find-in-mountain-array,143,18,Hard
https://leetcode.com/problems/brace-expansion-ii,139,96,Hard
https://leetcode.com/problems/distribute-candies-to-people,140,38,Easy
https://leetcode.com/problems/path-in-zigzag-labelled-binary-tree,181,109,Medium
https://leetcode.com/problems/filling-bookcase-shelves,353,17,Medium
https://leetcode.com/problems/parsing-a-boolean-expression,162,12,Hard
https://leetcode.com/problems/defanging-an-ip-address,182,500,Easy
https://leetcode.com/problems/corporate-flight-bookings,288,53,Medium
https://leetcode.com/problems/delete-nodes-and-return-forest,543,20,Medium
https://leetcode.com/problems/maximum-nesting-depth-of-two-valid-parentheses-strings,74,339,Medium
https://leetcode.com/problems/print-in-order,320,47,Easy
https://leetcode.com/problems/print-foobar-alternately,168,13,Medium
https://leetcode.com/problems/print-zero-even-odd,100,63,Medium
https://leetcode.com/problems/building-h2o,111,31,Medium
https://leetcode.com/problems/relative-sort-array,338,24,Easy
https://leetcode.com/problems/lowest-common-ancestor-of-deepest-leaves,157,224,Medium
https://leetcode.com/problems/longest-well-performing-interval,256,47,Medium
https://leetcode.com/problems/smallest-sufficient-team,205,6,Hard
https://leetcode.com/problems/number-of-equivalent-domino-pairs,103,65,Easy
https://leetcode.com/problems/shortest-path-with-alternating-colors,189,10,Medium
https://leetcode.com/problems/minimum-cost-tree-from-leaf-values,436,41,Medium
https://leetcode.com/problems/maximum-of-absolute-value-expression,80,99,Medium
https://leetcode.com/problems/n-th-tribonacci-number,121,21,Easy
https://leetcode.com/problems/alphabet-board-path,92,51,Medium
https://leetcode.com/problems/largest-1-bordered-square,102,29,Medium
https://leetcode.com/problems/stone-game-ii,182,40,Medium
https://leetcode.com/problems/longest-common-subsequence,431,10,Medium
https://leetcode.com/problems/decrease-elements-to-make-array-zigzag,62,83,Medium
https://leetcode.com/problems/binary-tree-coloring-game,215,43,Medium
https://leetcode.com/problems/snapshot-array,229,46,Medium
https://leetcode.com/problems/longest-chunked-palindrome-decomposition,120,10,Hard
https://leetcode.com/problems/day-of-the-year,51,96,Easy
https://leetcode.com/problems/number-of-dice-rolls-with-target-sum,271,20,Medium
https://leetcode.com/problems/swap-for-longest-repeated-character-substring,177,10,Medium
https://leetcode.com/problems/online-majority-element-in-subarray,120,18,Hard
https://leetcode.com/problems/find-words-that-can-be-formed-by-characters,158,37,Easy
https://leetcode.com/problems/maximum-level-sum-of-a-binary-tree,178,11,Medium
https://leetcode.com/problems/as-far-from-land-as-possible,185,13,Medium
https://leetcode.com/problems/last-substring-in-lexicographical-order,75,178,Hard
https://leetcode.com/problems/invalid-transactions,35,386,Medium
https://leetcode.com/problems/compare-strings-by-frequency-of-the-smallest-character,115,305,Easy
https://leetcode.com/problems/remove-zero-sum-consecutive-nodes-from-linked-list,241,19,Medium
https://leetcode.com/problems/dinner-plate-stacks,83,11,Hard
https://leetcode.com/problems/prime-arrangements,59,130,Easy
https://leetcode.com/problems/can-make-palindrome-from-substring,114,106,Medium
https://leetcode.com/problems/number-of-valid-words-for-each-puzzle,138,11,Hard
https://leetcode.com/problems/reformat-department-table,52,41,Easy
https://leetcode.com/problems/distance-between-bus-stops,99,17,Easy
https://leetcode.com/problems/day-of-the-week,42,581,Easy
https://leetcode.com/problems/maximum-subarray-sum-with-one-deletion,282,12,Medium
https://leetcode.com/problems/make-array-strictly-increasing,186,7,Hard
https://leetcode.com/problems/maximum-number-of-balloons,119,18,Easy
https://leetcode.com/problems/reverse-substrings-between-each-pair-of-parentheses,182,7,Medium
https://leetcode.com/problems/k-concatenation-maximum-sum,175,20,Medium
https://leetcode.com/problems/critical-connections-in-a-network,438,38,Hard
https://leetcode.com/problems/fizz-buzz-multithreaded,72,29,Medium
https://leetcode.com/problems/minimum-absolute-difference,111,11,Easy
https://leetcode.com/problems/ugly-number-iii,121,144,Medium
https://leetcode.com/problems/smallest-string-with-swaps,251,10,Medium
https://leetcode.com/problems/sort-items-by-groups-respecting-dependencies,101,23,Hard
https://leetcode.com/problems/design-skiplist,65,10,Hard
https://leetcode.com/problems/unique-number-of-occurrences,167,9,Easy
https://leetcode.com/problems/get-equal-substrings-within-budget,145,12,Medium
https://leetcode.com/problems/remove-all-adjacent-duplicates-in-string-ii,220,8,Medium
https://leetcode.com/problems/minimum-moves-to-reach-target-with-rotations,80,25,Hard
https://leetcode.com/problems/play-with-chips,78,394,Easy
https://leetcode.com/problems/longest-arithmetic-subsequence-of-given-difference,173,16,Medium
https://leetcode.com/problems/path-with-maximum-gold,200,11,Medium
https://leetcode.com/problems/count-vowels-permutation,84,28,Hard
https://leetcode.com/problems/split-a-string-in-balanced-strings,180,112,Easy
https://leetcode.com/problems/queens-that-can-attack-the-king,106,41,Medium
https://leetcode.com/problems/dice-roll-simulation,139,56,Medium
https://leetcode.com/problems/maximum-equal-frequency,117,16,Hard
https://leetcode.com/problems/the-dining-philosophers,41,31,Medium
https://leetcode.com/problems/airplane-seat-assignment-probability,84,115,Medium
https://leetcode.com/problems/check-if-it-is-a-straight-line,109,8,Easy
https://leetcode.com/problems/remove-sub-folders-from-the-filesystem,71,21,Medium
https://leetcode.com/problems/replace-the-substring-for-balanced-string,136,27,Medium
https://leetcode.com/problems/maximum-profit-in-job-scheduling,212,1,Hard
https://leetcode.com/problems/find-positive-integer-solution-for-a-given-equation,52,184,Easy
https://leetcode.com/problems/circular-permutation-in-binary-representation,54,77,Medium
https://leetcode.com/problems/maximum-length-of-a-concatenated-string-with-unique-characters,112,20,Medium
https://leetcode.com/problems/tiling-a-rectangle-with-the-fewest-squares,66,124,Hard
https://leetcode.com/problems/minimum-swaps-to-make-strings-equal,93,87,Medium
https://leetcode.com/problems/count-number-of-nice-subarrays,156,4,Medium
https://leetcode.com/problems/minimum-remove-to-make-valid-parentheses,174,4,Medium
https://leetcode.com/problems/check-if-it-is-a-good-array,47,125,Hard
https://leetcode.com/problems/cells-with-odd-values-in-a-matrix,105,105,Easy
https://leetcode.com/problems/reconstruct-a-2-row-binary-matrix,68,6,Medium
https://leetcode.com/problems/number-of-closed-islands,130,9,Medium
https://leetcode.com/problems/maximum-score-words-formed-by-letters,87,6,Hard
https://leetcode.com/problems/shift-2d-grid,70,53,Easy
https://leetcode.com/problems/find-elements-in-a-contaminated-binary-tree,81,18,Medium
https://leetcode.com/problems/greatest-sum-divisible-by-three,193,6,Medium
https://leetcode.com/problems/minimum-moves-to-move-a-box-to-their-target-location,118,8,Hard
https://leetcode.com/problems/minimum-time-visiting-all-points,101,25,Easy
https://leetcode.com/problems/count-servers-that-communicate,113,9,Medium
https://leetcode.com/problems/search-suggestions-system,95,49,Medium
https://leetcode.com/problems/number-of-ways-to-stay-in-the-same-place-after-some-steps,118,4,Hard
https://leetcode.com/problems/find-winner-on-a-tic-tac-toe-game,51,22,Easy
https://leetcode.com/problems/number-of-burgers-with-no-waste-of-ingredients,42,44,Medium
https://leetcode.com/problems/count-square-submatrices-with-all-ones,196,7,Medium
https://leetcode.com/problems/palindrome-partitioning-iii,117,2,Hard
https://leetcode.com/problems/subtract-the-product-and-sum-of-digits-of-an-integer,67,41,Easy
https://leetcode.com/problems/group-the-people-given-the-group-size-they-belong-to,89,37,Medium
https://leetcode.com/problems/find-the-smallest-divisor-given-a-threshold,69,21,Medium
https://leetcode.com/problems/minimum-number-of-flips-to-convert-binary-matrix-to-zero-matrix,78,12,Hard
https://leetcode.com/problems/iterator-for-combination,65,8,Medium
https://leetcode.com/problems/element-appearing-more-than-25-in-sorted-array,62,5,Easy
https://leetcode.com/problems/remove-covered-intervals,65,3,Medium
https://leetcode.com/problems/minimum-falling-path-sum-ii,43,6,Hard
https://leetcode.com/problems/convert-binary-number-in-a-linked-list-to-integer,90,6,Easy
https://leetcode.com/problems/sequential-digits,74,8,Medium
https://leetcode.com/problems/maximum-side-length-of-a-square-with-sum-less-than-or-equal-to-threshold,110,2,Medium
https://leetcode.com/problems/shortest-path-in-a-grid-with-obstacles-elimination,151,1,Hard
https://leetcode.com/problems/find-numbers-with-even-number-of-digits,64,13,Easy
https://leetcode.com/problems/divide-array-in-sets-of-k-consecutive-numbers,91,4,Medium
https://leetcode.com/problems/maximum-number-of-occurrences-of-a-substring,56,55,Medium
https://leetcode.com/problems/maximum-candies-you-can-get-from-boxes,43,42,Hard
https://leetcode.com/problems/replace-elements-with-greatest-element-on-right-side,38,6,Easy
https://leetcode.com/problems/sum-of-mutated-array-closest-to-target,40,5,Medium
https://leetcode.com/problems/number-of-paths-with-max-score,37,1,Hard
https://leetcode.com/problems/deepest-leaves-sum,34,7,Medium
https://leetcode.com/problems/find-n-unique-integers-sum-up-to-zero,25,7,Easy
https://leetcode.com/problems/all-elements-in-two-binary-search-trees,40,1,Medium
https://leetcode.com/problems/jump-game-iii,57,0,Medium
https://leetcode.com/problems/verbal-arithmetic-puzzle,66,26,Hard